,일자,종가,대비,등락률,시가,고가,저가,거래량,거래대금,시가총액,상장주식수
0,2021/01/04,118000,14000,13.46,105000,123500,102500,2122467,241249425500,7196609960000,60988220
1,2021/01/05,124000,6000,5.08,118000,127000,115000,1374593,168055601500,7562539280000,60988220
2,2021/01/06,128500,4500,3.63,125000,132500,121500,1438904,183157371500,7836986270000,60988220
3,2021/01/07,129000,500,0.39,130500,131500,126500,681410,88530835000,7867480380000,60988220
4,2021/01/08,130500,1500,1.16,133000,133000,129000,716215,93604349500,7958962710000,60988220
5,2021/01/11,127500,-3000,-2.3,130500,136000,124500,1148480,149411969500,7775998050000,60988220
6,2021/01/12,127500,0,0.0,124500,128500,121000,641264,80106219500,7775998050000,60988220
7,2021/01/13,125500,-2000,-1.57,128000,129500,125000,383687,48660132500,7654021610000,60988220
8,2021/01/14,131500,6000,4.78,125500,133000,125500,554272,71921248500,8019950930000,60988220
9,2021/01/15,129000,-2500,-1.9,132000,133500,127000,434194,56111899500,7867480380000,60988220
10,2021/01/18,123500,-5500,-4.26,127000,128000,122000,597673,74465296000,7532045170000,60988220
11,2021/01/19,128000,4500,3.64,124000,129000,123500,350733,44387519500,7806492160000,60988220
12,2021/01/20,132500,4500,3.52,129500,132500,127000,495695,64468175500,8080939150000,60988220
13,2021/01/21,132000,-500,-0.38,135000,135000,129500,382591,50293480500,8050445040000,60988220
14,2021/01/22,139500,7500,5.68,132000,147500,130000,1337627,187565322500,8507856690000,60988220
15,2021/01/25,140000,500,0.36,139500,143000,137500,396435,55546071000,8538350800000,60988220
16,2021/01/26,138500,-1500,-1.07,141000,141000,137000,316795,43784567500,8446868470000,60988220
17,2021/01/27,142000,3500,2.53,139000,144500,138500,462991,65421453500,8660327240000,60988220
18,2021/01/28,140000,-2000,-1.41,137500,140000,136000,462130,63833628000,8538350800000,60988220
19,2021/01/29,134500,-5500,-3.93,142500,143000,132000,500169,68188887000,8202915590000,60988220
20,2021/02/01,134500,0,0.0,132000,135500,130500,562695,74990628500,8202915590000,60988220
21,2021/02/02,135000,500,0.37,136500,138000,133000,453225,61287665000,8233409700000,60988220
22,2021/02/03,140000,5000,3.7,135000,140000,135000,739939,101211676500,10844850800000,77463220
23,2021/02/04,136000,-4000,-2.86,139000,140500,135000,441856,60514615000,10534997920000,77463220
24,2021/02/05,139500,3500,2.57,137000,140000,134000,498254,68229264500,10806119190000,77463220
25,2021/02/08,139500,0,0.0,138500,141000,137000,371446,51636768500,10806119190000,77463220
26,2021/02/09,142000,2500,1.79,142000,147500,140000,780976,112431979000,10999777240000,77463220
27,2021/02/10,147000,5000,3.52,142000,147000,140000,562586,81607790500,11387093340000,77463220
28,2021/02/15,150000,3000,2.04,150000,153000,148500,498316,75064196500,11619483000000,77463220
29,2021/02/16,153500,3500,2.33,150000,155000,148000,406002,61714474500,11890604270000,77463220
30,2021/02/17,160500,7000,4.56,154500,161500,152500,725565,115176239500,12432846810000,77463220
31,2021/02/18,162500,2000,1.25,159500,164500,156500,596228,96001089500,12587773250000,77463220
32,2021/02/19,173500,11000,6.77,161000,177000,159500,944987,158489888500,13439868670000,77463220
33,2021/02/22,167500,-6000,-3.46,174000,184500,167500,1255414,221545734000,12975089350000,77463220
34,2021/02/23,170000,2500,1.49,165000,172500,160000,1004938,167899399000,13168747400000,77463220
35,2021/02/24,158000,-12000,-7.06,172500,174000,156000,1135629,185072819500,12239188760000,77463220
36,2021/02/25,162500,4500,2.85,163000,164500,157000,576221,92536749500,12587773250000,77463220
37,2021/02/26,158000,-4500,-2.77,158000,161000,155500,626637,99123971500,12239188760000,77463220
38,2021/03/02,155000,-3000,-1.9,163500,164500,151500,707018,111042801500,12006799100000,77463220
39,2021/03/03,156500,1500,0.97,154000,158000,152000,462829,73292442000,12122993930000,77463220
40,2021/03/04,159000,2500,1.6,172000,175500,159000,1808550,300440044000,12316651980000,77463220
41,2021/03/05,161000,2000,1.26,156000,164000,153000,655354,103932970000,12471578420000,77463220
42,2021/03/08,151000,-10000,-6.21,161000,163000,151000,555247,86535315500,11696946220000,77463220
43,2021/03/09,142000,-9000,-5.96,147500,149000,138500,1131607,160630177000,10999777240000,77463220
44,2021/03/10,145000,3000,2.11,148500,148500,142000,585696,84808486500,11232166900000,77463220
45,2021/03/11,153000,8000,5.52,144500,154000,144000,714139,107305328000,11851872660000,77463220
46,2021/03/12,157500,4500,2.94,158000,160500,154000,358174,56408661000,12200457150000,77463220
47,2021/03/15,157500,0,0.0,157000,159500,154000,219675,34669349500,12200457150000,77463220
48,2021/03/16,153000,-4500,-2.86,158500,160000,151500,508128,78253102500,11851872660000,77463220
49,2021/03/17,147000,-6000,-3.92,150500,150500,144000,617608,90781796000,11387093340000,77463220
50,2021/03/18,148000,1000,0.68,149500,152000,147000,327649,48708718000,11464556560000,77463220
51,2021/03/19,149500,1500,1.01,144000,150500,143000,334846,49359019500,11580751390000,77463220
52,2021/03/22,146000,-3500,-2.34,151000,151000,145500,229404,33671066500,11309630120000,77463220
53,2021/03/23,143000,-3000,-2.05,148000,148500,141500,336124,48442226500,11077240460000,77463220
54,2021/03/24,148000,5000,3.5,140500,149000,140000,367205,53556891000,11464556560000,77463220
55,2021/03/25,146500,-1500,-1.01,147500,149500,145500,243914,35876110000,11348361730000,77463220
56,2021/03/26,146000,-500,-0.34,148000,148000,144500,189933,27698211000,11309630120000,77463220
57,2021/03/29,146000,0,0.0,145500,147500,143000,221493,32177900000,11309630120000,77463220
58,2021/03/30,154500,8500,5.82,148000,156000,147000,575359,87854253500,11968067490000,77463220
59,2021/03/31,155000,500,0.32,155500,155500,151500,312771,48223947500,12006799100000,77463220
60,2021/04/01,155500,500,0.32,157000,159000,155000,269281,42087942000,12045530710000,77463220
61,2021/04/02,158500,3000,1.93,158500,163000,157500,478987,76651567000,12277920370000,77463220
62,2021/04/05,162500,4000,2.52,159500,165500,156500,593031,95823064500,12587773250000,77463220
63,2021/04/06,159500,-3000,-1.85,165000,165500,159000,347820,56213734500,12355383590000,77463220
64,2021/04/07,163000,3500,2.19,160500,164000,159000,307304,49837201000,12626504860000,77463220
65,2021/04/08,160000,-3000,-1.84,162500,165000,160000,439160,71028864000,12394115200000,77463220
66,2021/04/09,161000,1000,0.63,160500,161500,159000,183337,29471278000,12471578420000,77463220
67,2021/04/12,169000,8000,4.97,164500,171000,161500,867164,144635839000,13091284180000,77463220
68,2021/04/13,166500,-2500,-1.48,169500,170500,165000,473494,79065031500,12897626130000,77463220
69,2021/04/14,169000,2500,1.5,167500,171500,165500,417525,70576219500,13091284180000,77463220
70,2021/04/15,169000,0,0.0,170000,172500,167500,329745,56120240500,13091284180000,77463220
71,2021/04/16,170000,1000,0.59,170000,171500,169000,202647,34415182000,13168747400000,77463220
72,2021/04/19,167000,-3000,-1.76,171500,172000,166000,441235,74312295000,12936357740000,77463220
73,2021/04/20,167000,0,0.0,166500,169500,164000,339336,56587881000,12936357740000,77463220
74,2021/04/21,167000,0,0.0,167000,168000,165000,262170,43558115000,12936357740000,77463220
75,2021/04/22,165000,-2000,-1.2,168500,169000,165000,270358,44980113500,12781431300000,77463220
76,2021/04/23,162000,-3000,-1.82,163500,164500,162000,288156,46925560000,12549041640000,77463220
77,2021/04/26,165500,3500,2.16,162000,167500,158000,486468,79445945000,12820162910000,77463220
78,2021/04/27,159500,-6000,-3.63,164000,164500,158500,597019,95766310500,12355383590000,77463220
79,2021/04/28,155500,-4000,-2.51,159000,159000,155000,372181,58099430000,12045530710000,77463220
80,2021/04/29,152000,-3500,-2.25,156000,157500,152000,358291,55240932000,11774409440000,77463220
81,2021/04/30,149000,-3000,-1.97,151000,152500,147000,395691,58964871000,11542019780000,77463220
82,2021/05/03,143500,-5500,-3.69,146000,149000,142500,452409,65697096000,11115972070000,77463220
83,2021/05/04,149500,6000,4.18,141000,150000,141000,354856,51997587000,11580751390000,77463220
84,2021/05/06,149500,0,0.0,148000,150500,147000,244119,36248583000,11580751390000,77463220
85,2021/05/07,150000,500,0.33,149000,151500,148000,177124,26523969000,11619483000000,77463220
86,2021/05/10,151500,1500,1.0,152000,153000,150000,221639,33561284500,11735677830000,77463220
87,2021/05/11,146000,-5500,-3.63,150000,150500,144500,359150,52720333500,11309630120000,77463220
88,2021/05/12,146500,500,0.34,146000,150000,144000,336547,49357823500,11348361730000,77463220
89,2021/05/13,145000,-1500,-1.02,143000,145000,141000,571255,81826603000,11232166900000,77463220
90,2021/05/14,146500,1500,1.03,145000,148500,143000,235159,34216558000,11348361730000,77463220
91,2021/05/17,143000,-3500,-2.39,147500,148000,142500,206431,29667442000,11077240460000,77463220
92,2021/05/18,144500,1500,1.05,143000,145000,142500,144784,20862079000,11193435290000,77463220
93,2021/05/20,147000,2500,1.73,144500,148500,144000,228588,33419710000,11387093340000,77463220
94,2021/05/21,147500,500,0.34,148500,151000,145500,247141,36586863500,11425824950000,77463220
95,2021/05/24,147000,-500,-0.34,148000,148000,144500,168564,24660147000,11387093340000,77463220
96,2021/05/25,148000,1000,0.68,147000,149000,147000,133557,19764114000,11464556560000,77463220
97,2021/05/26,149000,1000,0.68,148000,151000,147500,175898,26229461500,11542019780000,77463220
98,2021/05/27,150000,1000,0.67,150000,150500,146000,551016,82283716500,11619483000000,77463220
99,2021/05/28,149000,-1000,-0.67,151000,151500,148500,152078,22707724000,11542019780000,77463220
100,2021/05/31,145000,-4000,-2.68,149000,149000,143500,401254,58128647000,11232166900000,77463220
101,2021/06/01,145500,500,0.34,144500,146000,143500,161930,23462337500,11270898510000,77463220
102,2021/06/02,143500,-2000,-1.37,145500,145500,142000,324081,46426870500,11115972070000,77463220
103,2021/06/03,145000,1500,1.05,143000,145500,141500,283312,40695867000,11232166900000,77463220
104,2021/06/04,143500,-1500,-1.03,144000,144500,142500,120530,17258301000,11115972070000,77463220
105,2021/06/07,143500,0,0.0,144000,144500,142500,203455,29155803000,11115972070000,77463220
106,2021/06/08,141500,-2000,-1.39,143000,143500,141500,183997,26155121000,10961045630000,77463220
107,2021/06/09,141500,0,0.0,142000,142500,141000,154224,21863379000,10961045630000,77463220
108,2021/06/10,144500,3000,2.12,142000,145000,140500,316510,45333137500,11193435290000,77463220
109,2021/06/11,143500,-1000,-0.69,144000,148500,143500,574628,83608109000,11115972070000,77463220
110,2021/06/14,147000,3500,2.44,144500,147500,144000,250034,36556076000,11387093340000,77463220
111,2021/06/15,145000,-2000,-1.36,147000,147500,143500,243546,35302813500,11232166900000,77463220
112,2021/06/16,144500,-500,-0.34,144000,144500,142500,161015,23135380000,11193435290000,77463220
113,2021/06/17,147000,2500,1.73,145000,150000,144500,484287,71628856000,11387093340000,77463220
114,2021/06/18,149500,2500,1.7,147000,151500,147000,396306,59376220500,11580751390000,77463220
115,2021/06/21,147500,-2000,-1.34,148000,151500,146500,297356,44110242500,11425824950000,77463220
116,2021/06/22,145500,-2000,-1.36,149000,149000,145500,197849,28929274500,11270898510000,77463220
117,2021/06/23,149500,4000,2.75,146500,151000,145500,370439,55088178000,11580751390000,77463220
118,2021/06/24,146500,-3000,-2.01,150500,151500,146500,346354,51689532500,11348361730000,77463220
119,2021/06/25,146500,0,0.0,148000,148500,146000,199630,29328454500,11348361730000,77463220
120,2021/06/28,144000,-2500,-1.71,146500,146500,143500,313626,45283128500,11154703680000,77463220
121,2021/06/29,145000,1000,0.69,144500,146000,144000,159999,23162117500,11232166900000,77463220
122,2021/06/30,144000,-1000,-0.69,145500,146500,143500,229747,33173533000,11154703680000,77463220
123,2021/07/01,148000,4000,2.78,144500,149000,144000,432551,63514277500,11464556560000,77463220
124,2021/07/02,145500,-2500,-1.69,147500,149000,145000,216263,31575427000,11270898510000,77463220
125,2021/07/05,145500,0,0.0,146000,146500,145000,118035,17196956000,11270898510000,77463220
126,2021/07/06,147000,1500,1.03,146000,147500,145500,182253,26727788000,11387093340000,77463220
127,2021/07/07,149000,2000,1.36,146500,149500,145000,367570,54485736500,11542019780000,77463220
128,2021/07/08,159000,10000,6.71,150000,159500,149500,1688538,265012975500,12316651980000,77463220
129,2021/07/09,158500,-500,-0.31,157000,160000,152500,861500,134947647500,12277920370000,77463220
130,2021/07/12,161500,3000,1.89,161000,163000,156000,665022,106444798000,12510310030000,77463220
131,2021/07/13,161000,-500,-0.31,163000,165500,160500,797955,129690183000,12471578420000,77463220
132,2021/07/14,165000,4000,2.48,160500,168500,158500,1016071,167024426000,12781431300000,77463220
133,2021/07/15,164500,-500,-0.3,166000,166500,162000,613210,100848620000,12742699690000,77463220
134,2021/07/16,165000,500,0.3,164500,167500,163000,495198,81598795500,12781431300000,77463220
135,2021/07/19,166500,1500,0.91,164000,167000,162000,481968,79329307000,12897626130000,77463220
136,2021/07/20,157500,-9000,-5.41,163500,167000,154000,1127735,179042894500,12200457150000,77463220
137,2021/07/21,154500,-3000,-1.9,159000,159500,154000,428605,66814822500,11968067490000,77463220
138,2021/07/22,154500,0,0.0,156000,158500,153000,452876,70393040500,11968067490000,77463220
139,2021/07/23,158000,3500,2.27,156000,162000,155000,692861,110151486500,12239188760000,77463220
140,2021/07/26,154500,-3500,-2.22,158000,158500,154500,430651,67063307500,11968067490000,77463220
141,2021/07/27,152500,-2000,-1.29,155500,157000,152000,353996,54274917500,11813141050000,77463220
142,2021/07/28,153000,500,0.33,151000,154000,151000,245477,37419331500,11851872660000,77463220
143,2021/07/29,155500,2500,1.63,153500,156000,152500,216769,33615740000,12045530710000,77463220
144,2021/07/30,154000,-1500,-0.96,155500,157000,154000,224518,34826416500,11929335880000,77463220
145,2021/08/02,154000,0,0.0,155000,155000,152500,145115,22290531000,11929335880000,77463220
146,2021/08/03,153000,-1000,-0.65,154000,155000,152000,181065,27755284500,11851872660000,77463220
147,2021/08/04,154500,1500,0.98,153000,154500,150000,230649,35098106500,11968067490000,77463220
148,2021/08/05,157500,3000,1.94,154500,158000,154000,236172,36912308000,12200457150000,77463220
149,2021/08/06,157500,0,0.0,158000,160000,156000,183165,28880621500,12200457150000,77463220
150,2021/08/09,157500,0,0.0,156500,160000,154000,422214,66481781000,12200457150000,77463220
151,2021/08/10,154500,-3000,-1.9,157500,158000,152500,350131,53923304000,11968067490000,77463220
152,2021/08/11,152000,-2500,-1.62,153000,154500,152000,232194,35475677000,11774409440000,77463220
153,2021/08/12,153000,1000,0.66,152500,154000,151500,382692,58431800500,11851872660000,77463220
154,2021/08/13,155000,2000,1.31,152500,157500,152000,477707,73853418000,12006799100000,77463220
155,2021/08/17,147000,-8000,-5.16,155500,156000,145500,589213,87565353500,11387093340000,77463220
156,2021/08/18,150000,3000,2.04,145000,151000,144000,277783,41029224000,11619483000000,77463220
157,2021/08/19,148000,-2000,-1.33,147000,152500,146500,301868,45053147000,11464556560000,77463220
158,2021/08/20,143000,-5000,-3.38,149000,149500,142000,490835,70751353000,11077240460000,77463220
159,2021/08/23,139000,-4000,-2.8,143500,145500,135500,529371,73813647000,10767387580000,77463220
160,2021/08/24,142000,3000,2.16,142000,144500,138000,396354,56035431500,10999777240000,77463220
161,2021/08/25,153000,11000,7.75,142500,155500,141000,1088686,164667624000,11851872660000,77463220
162,2021/08/26,149000,-4000,-2.61,153000,154000,147000,440821,66164830000,11542019780000,77463220
163,2021/08/27,149500,500,0.34,148000,150000,146000,211624,31431718500,11580751390000,77463220
164,2021/08/30,152000,2500,1.67,152000,156000,150000,432542,66369215000,11774409440000,77463220
165,2021/08/31,155500,3500,2.3,152000,155500,150500,295645,45505969000,12045530710000,77463220
166,2021/09/01,155500,0,0.0,154000,155500,153500,180419,27862302000,12045530710000,77463220
167,2021/09/02,150500,-5000,-3.22,155500,155500,150500,326604,49612362500,11658214610000,77463220
168,2021/09/03,151000,500,0.33,150500,152000,147000,253270,37865149500,11696946220000,77463220
169,2021/09/06,150000,-1000,-0.66,150500,153000,149500,167429,25265280500,11619483000000,77463220
170,2021/09/07,153500,3500,2.33,149500,155000,149000,291544,44594908500,11890604270000,77463220
171,2021/09/08,153500,0,0.0,153000,156000,151500,255997,39216442000,11890604270000,77463220
172,2021/09/09,154000,500,0.33,156500,163500,153500,1144425,180150242500,11929335880000,77463220
173,2021/09/10,154000,0,0.0,153500,155500,151500,362215,55760333500,11929335880000,77463220
174,2021/09/13,158000,4000,2.6,154000,159500,149000,1064706,164905042500,12239188760000,77463220
175,2021/09/14,154500,-3500,-2.22,159000,159000,154000,496087,77167905000,11968067490000,77463220
176,2021/09/15,161500,7000,4.53,155000,163000,154000,941053,150315437500,12510310030000,77463220
177,2021/09/16,163000,1500,0.93,163500,166000,160000,895504,145951161000,12626504860000,77463220
178,2021/09/17,161000,-2000,-1.23,162000,162500,158000,427495,68572697000,12471578420000,77463220
179,2021/09/23,158000,-3000,-1.86,158000,160500,156500,381691,60361105500,12239188760000,77463220
180,2021/09/24,162000,4000,2.53,161000,165500,158500,717911,116605138000,12549041640000,77463220
181,2021/09/27,171000,9000,5.56,163000,173500,160500,1493528,252950037000,13246210620000,77463220
182,2021/09/28,165500,-5500,-3.22,171000,172500,164000,620245,103923468000,12820162910000,77463220
183,2021/09/29,177500,12000,7.25,161500,179500,160000,1299953,221806441000,13749721550000,77463220
184,2021/09/30,177000,-500,-0.28,175000,181500,173000,960824,170733077500,13710989940000,77463220
185,2021/10/01,178500,1500,0.85,178000,183000,176000,728384,130650191000,13827184770000,77463220
186,2021/10/05,176000,-2500,-1.4,176500,181500,173000,782525,138854427500,13633526720000,77463220
187,2021/10/06,162000,-14000,-7.95,178500,180000,161000,1045574,175713106000,12549041640000,77463220
188,2021/10/07,163500,1500,0.93,165000,167000,158000,593003,96444705500,12665236470000,77463220
189,2021/10/08,157500,-6000,-3.67,165500,172500,149000,2744738,435367779500,12200457150000,77463220
190,2021/10/12,155000,-2500,-1.59,156000,160500,154500,643583,100590071500,12006799100000,77463220
191,2021/10/13,156500,1500,0.97,155500,159500,152500,581713,91127151500,12122993930000,77463220
192,2021/10/14,164000,7500,4.79,159000,164000,157500,729778,117858409500,12703968080000,77463220
193,2021/10/15,162000,-2000,-1.22,165500,166000,159500,370963,60144792500,12549041640000,77463220
194,2021/10/18,160500,-1500,-0.93,161500,164000,159000,331830,53595381000,12432846810000,77463220
195,2021/10/19,162000,1500,0.93,162000,164500,160000,406406,65814026000,12549041640000,77463220
196,2021/10/20,155500,-6500,-4.01,162500,162500,155000,677731,106101783000,12045530710000,77463220
197,2021/10/21,153000,-2500,-1.61,155500,156000,150500,596788,91012820500,11851872660000,77463220
198,2021/10/22,148000,-5000,-3.27,151500,153500,147000,625765,93697131000,11464556560000,77463220
199,2021/10/25,150500,2500,1.69,147000,151500,144000,536293,79337063500,11658214610000,77463220
200,2021/10/26,150500,0,0.0,153000,153500,149500,253219,38119487500,11658214610000,77463220
201,2021/10/27,149000,-1500,-1.0,150500,151000,148500,225423,33694232500,11542019780000,77463220
202,2021/10/28,145500,-3500,-2.35,149000,149000,145000,291196,42691404000,11270898510000,77463220
203,2021/10/29,145500,0,0.0,145500,149000,144500,254281,37172225000,11270898510000,77463220
204,2021/11/01,144500,-1000,-0.69,145000,146000,141000,302680,43457281000,11193435290000,77463220
205,2021/11/02,144500,0,0.0,145000,147000,144000,198319,28802329000,11193435290000,77463220
206,2021/11/03,145000,500,0.35,145000,149000,145000,252818,37076208000,11232166900000,77463220
207,2021/11/04,146000,1000,0.69,147500,147500,144500,224739,32691432500,11309630120000,77463220
208,2021/11/05,149500,3500,2.4,148000,151000,146000,459001,68217673500,11580751390000,77463220
209,2021/11/08,145000,-4500,-3.01,150000,150000,144000,293077,42629799000,11232166900000,77463220
210,2021/11/09,144500,-500,-0.34,144500,146000,143000,267748,38591809500,11193435290000,77463220
211,2021/11/10,140000,-4500,-3.11,144000,145000,140000,315899,44652612000,10844850800000,77463220
212,2021/11/11,140000,0,0.0,140000,143000,139000,356220,50100943500,10844850800000,77463220
213,2021/11/12,142500,2500,1.79,141500,145500,140000,295443,42172126000,11038508850000,77463220
214,2021/11/15,145500,3000,2.11,143000,148000,143000,302142,44022525000,11270898510000,77463220
215,2021/11/16,145500,0,0.0,145500,146500,143500,185936,26956716500,11270898510000,77463220
216,2021/11/17,143000,-2500,-1.72,146500,148000,142000,302508,43629127000,11077240460000,77463220
217,2021/11/18,143500,500,0.35,143000,144500,141000,246180,35188533000,11115972070000,77463220
218,2021/11/19,147000,3500,2.44,143000,147500,142500,242769,35301375000,11387093340000,77463220
219,2021/11/22,145500,-1500,-1.02,147000,147000,143000,253283,36612974000,11270898510000,77463220
220,2021/11/23,150000,4500,3.09,144000,150500,144000,396523,59105300500,11619483000000,77463220
221,2021/11/24,152500,2500,1.67,151000,154000,148000,492193,74535244000,11813141050000,77463220
222,2021/11/25,163500,11000,7.21,155000,164500,153500,1567316,251594636000,12665236470000,77463220
223,2021/11/26,159000,-4500,-2.75,164500,171500,157500,1150823,188860389000,12316651980000,77463220
224,2021/11/29,155000,-4000,-2.52,154500,159500,153500,678916,105765369000,12006799100000,77463220
225,2021/11/30,157500,2500,1.61,158000,165500,155500,1200666,193401319000,12200457150000,77463220
226,2021/12/01,157500,0,0.0,160500,161000,148000,1079633,165901802000,12200457150000,77463220
227,2021/12/02,149000,-8500,-5.4,153000,156500,145500,1273394,191315132500,11542019780000,77463220
228,2021/12/03,150000,1000,0.67,151000,154000,149000,518206,78135369000,11619483000000,77463220
229,2021/12/06,148000,-2000,-1.33,148000,149500,146000,367554,54347826000,11464556560000,77463220
230,2021/12/07,146500,-1500,-1.01,148500,149500,145000,349578,51287419000,11348361730000,77463220
231,2021/12/08,146500,0,0.0,148000,149000,146500,389942,57544344500,11348361730000,77463220
232,2021/12/09,149500,3000,2.05,147500,150500,146500,378329,56249340000,11580751390000,77463220
233,2021/12/10,145000,-4500,-3.01,148000,149000,145000,365724,53520979000,11232166900000,77463220
234,2021/12/13,144500,-500,-0.34,146000,147000,144500,293592,42789830500,11193435290000,77463220
235,2021/12/14,145000,500,0.35,144000,147000,143000,247371,35829200000,11232166900000,77463220
236,2021/12/15,144500,-500,-0.34,145000,146000,143000,203012,29281799500,11193435290000,77463220
237,2021/12/16,145000,500,0.35,146500,146500,144500,148834,21615527000,11232166900000,77463220
238,2021/12/17,145500,500,0.34,144000,147500,143500,220844,32074352000,11270898510000,77463220
239,2021/12/20,142500,-3000,-2.06,144500,145000,142500,209352,29999173500,11038508850000,77463220
240,2021/12/21,142500,0,0.0,143000,143500,139000,342119,48311151000,11038508850000,77463220
241,2021/12/22,141000,-1500,-1.05,143500,145000,141000,200374,28465130000,10922314020000,77463220
242,2021/12/23,142500,1500,1.06,142500,146000,142000,253104,36388246500,11038508850000,77463220
243,2021/12/24,144000,1500,1.05,143500,145000,143000,215512,31038415500,11154703680000,77463220
244,2021/12/27,142000,-2000,-1.39,144000,145500,142000,173238,24762450000,10999777240000,77463220
245,2021/12/28,142000,0,0.0,142500,144000,141500,362036,51588327000,10999777240000,77463220
246,2021/12/29,142500,500,0.35,145000,145000,142000,248666,35584135500,11038508850000,77463220
247,2021/12/30,144000,1500,1.05,142500,144500,141000,226547,32363765500,11154703680000,77463220
248,2022/01/03,143500,-500,-0.35,144000,145000,142500,164792,23655901000,11115972070000,77463220
249,2022/01/04,142000,-1500,-1.05,144500,145000,142000,170073,24304515000,10999777240000,77463220
250,2022/01/05,138000,-4000,-2.82,141500,142000,137000,463124,64156045000,10689924360000,77463220
251,2022/01/06,134000,-4000,-2.9,135500,138000,133000,385905,52174911000,10380071480000,77463220
252,2022/01/07,133500,-500,-0.37,133500,135000,132500,256719,34384273500,10341339870000,77463220
253,2022/01/10,130500,-3000,-2.25,133000,133500,128000,301408,39202736000,10108950210000,77463220
254,2022/01/11,126500,-4000,-3.07,130500,131500,126000,363145,46318285000,9799097330000,77463220
255,2022/01/12,132500,6000,4.74,128000,133500,128000,296466,38964453000,10263876650000,77463220
256,2022/01/13,132000,-500,-0.38,134500,136000,131500,266952,35457491500,10225145040000,77463220
257,2022/01/14,130000,-2000,-1.52,130500,131500,128000,167325,21666138500,10070218600000,77463220
258,2022/01/17,128000,-2000,-1.54,129000,131000,127500,151445,19457339000,9915292160000,77463220
259,2022/01/18,126500,-1500,-1.17,127500,130000,126500,134486,17220933000,9799097330000,77463220
260,2022/01/19,125500,-1000,-0.79,124500,128500,124500,191283,24105120000,9721634110000,77463220
261,2022/01/20,127500,2000,1.59,124500,127500,124500,169339,21431092000,9876560550000,77463220
262,2022/01/21,127000,-500,-0.39,127500,129500,126000,200477,25532055500,9837828940000,77463220
263,2022/01/24,124000,-3000,-2.36,128000,129000,123500,245197,30733027500,9605439280000,77463220
264,2022/01/25,120000,-4000,-3.23,124000,125000,119500,321852,38931096500,9295586400000,77463220
265,2022/01/26,116500,-3500,-2.92,119500,121000,116000,397808,46938093000,9024465130000,77463220
266,2022/01/27,108000,-8500,-7.3,116000,116500,107000,744097,81909892000,8366027760000,77463220
267,2022/01/28,110500,2500,2.31,106500,113000,103000,717089,77337895000,8559685810000,77463220
268,2022/02/03,112000,1500,1.36,113500,115000,112000,244066,27623425000,8675880640000,77463220
269,2022/02/04,114000,2000,1.79,111000,114000,110500,140206,15796670500,8830807080000,77463220
270,2022/02/07,111500,-2500,-2.19,114500,114500,109500,272587,30155428500,8637149030000,77463220
271,2022/02/08,111000,-500,-0.45,112000,114000,109500,234325,26240043000,8598417420000,77463220
272,2022/02/09,115500,4500,4.05,112000,115500,111500,198214,22584472500,8947001910000,77463220
273,2022/02/10,113000,-2500,-2.16,116000,116500,113000,228366,26019781500,8753343860000,77463220
274,2022/02/11,113000,0,0.0,110000,114500,109500,181686,20323389500,8753343860000,77463220
275,2022/02/14,109000,-4000,-3.54,110000,111500,108000,218772,23926039000,8443490980000,77463220
276,2022/02/15,109000,0,0.0,108500,111000,107000,154037,16820386000,8443490980000,77463220
277,2022/02/16,114500,5500,5.05,111500,114500,111500,158785,17996517500,8869538690000,77463220
278,2022/02/17,115000,500,0.44,115000,118500,112000,333522,38632527500,8908270300000,77463220
279,2022/02/18,116000,1000,0.87,112000,116500,111500,176016,20176370500,8985733520000,77463220
280,2022/02/21,115000,-1000,-0.86,113500,115500,112000,191523,21732487000,8908270300000,77463220
281,2022/02/22,113000,-2000,-1.74,112500,114500,112000,184061,20779082500,8753343860000,77463220
282,2022/02/23,113500,500,0.44,113000,114000,112000,160475,18154011500,8792075470000,77463220
283,2022/02/24,109500,-4000,-3.52,112000,113500,108000,261491,28827182000,8482222590000,77463220
284,2022/02/25,114000,4500,4.11,111500,114500,111500,196547,22221581500,8830807080000,77463220
285,2022/02/28,113500,-500,-0.44,114000,114500,112000,188356,21325420000,8792075470000,77463220
286,2022/03/02,114500,1000,0.88,114000,115000,112500,214872,24467232000,8869538690000,77463220
287,2022/03/03,117500,3000,2.62,116000,118000,115000,193958,22643683000,9101928350000,77463220
288,2022/03/04,115000,-2500,-2.13,117000,117000,114500,111903,12909511000,8908270300000,77463220
289,2022/03/07,111000,-4000,-3.48,113000,113000,109500,323766,35801426500,8598417420000,77463220
290,2022/03/08,103000,-8000,-7.21,111500,112500,102000,986148,104073890500,7978711660000,77463220
291,2022/03/10,104000,1000,0.97,105500,106000,101500,646089,66797924500,8056174880000,77463220
292,2022/03/11,101000,-3000,-2.88,103500,103500,100000,544035,54879266000,7823785220000,77463220
293,2022/03/14,98900,-2100,-2.08,99900,100000,96100,586248,57148860500,7661112458000,77463220
294,2022/03/15,96600,-2300,-2.33,97100,99100,96200,371312,36100834400,7482947052000,77463220
295,2022/03/16,98000,1400,1.45,97900,98700,96900,301777,29449684900,7591395560000,77463220
296,2022/03/17,106500,8500,8.67,100500,108000,100000,725638,75810608500,8249832930000,77463220
297,2022/03/18,105500,-1000,-0.94,107000,107000,104000,336805,35421898500,8172369710000,77463220
298,2022/03/21,106000,500,0.47,106500,107500,105500,245144,26097039000,8211101320000,77463220
299,2022/03/22,107000,1000,0.94,106000,107500,104000,184993,19590172000,8288564540000,77463220
300,2022/03/23,111000,4000,3.74,109000,111000,108500,375260,41232235000,8598417420000,77463220
301,2022/03/24,113000,2000,1.8,110500,113000,108000,234448,26094022500,8753343860000,77463220
302,2022/03/25,117500,4500,3.98,113500,118000,112000,463919,53753939500,9101928350000,77463220
303,2022/03/28,117000,-500,-0.43,117500,119000,115000,302074,35453455500,9063196740000,77463220
304,2022/03/29,121000,4000,3.42,118500,123000,118000,393733,47479643500,9373049620000,77463220
305,2022/03/30,119500,-1500,-1.24,122500,123000,119000,280943,33733815000,9256854790000,77463220
306,2022/03/31,120500,1000,0.84,118000,121500,118000,231838,27958216500,9334318010000,77463220
307,2022/04/01,119500,-1000,-0.83,119500,121000,118500,196500,23506413500,9256854790000,77463220
308,2022/04/04,122500,3000,2.51,120000,123000,119000,187356,22778157500,9489244450000,77463220
309,2022/04/05,124500,2000,1.63,124000,125000,122000,276085,34166493500,9644170890000,77463220
310,2022/04/06,124500,0,0.0,122000,127000,122000,313200,38919666500,9644170890000,77463220
311,2022/04/07,124000,-500,-0.4,122500,124500,121000,338003,41339665500,9605439280000,77463220
312,2022/04/08,139000,15000,12.1,126000,140000,125000,1938837,261122992500,10767387580000,77463220
313,2022/04/11,126500,-12500,-8.99,138500,138500,125500,1313109,172035392500,9799097330000,77463220
314,2022/04/12,126000,-500,-0.4,123500,128000,122000,442287,55453788500,9760365720000,77463220
315,2022/04/13,127000,1000,0.79,126500,128500,125000,300118,38037915000,9837828940000,77463220
316,2022/04/14,130500,3500,2.76,127500,133000,127000,604179,79226456500,10108950210000,77463220
317,2022/04/15,130500,0,0.0,129500,133000,129000,286679,37527359500,10108950210000,77463220
318,2022/04/18,129500,-1000,-0.77,131000,136500,129500,423144,55778271000,10031486990000,77463220
319,2022/04/19,130000,500,0.39,131500,132000,129000,243997,31794273500,10070218600000,77463220
320,2022/04/20,126500,-3500,-2.69,131000,131000,126000,343838,43733509000,9799097330000,77463220
321,2022/04/21,130000,3500,2.77,127000,131000,127000,282403,36540124000,10070218600000,77463220
322,2022/04/22,126000,-4000,-3.08,127500,128000,126000,265611,33619270500,9760365720000,77463220
323,2022/04/25,127500,1500,1.19,123000,129500,120000,578572,72227497500,9876560550000,77463220
324,2022/04/26,131000,3500,2.75,129000,133500,129000,527938,69489039000,10147681820000,77463220
325,2022/04/27,133500,2500,1.91,126500,134000,126000,439957,57675669500,10341339870000,77463220
326,2022/04/28,134000,500,0.37,134500,135000,131000,284138,37754050000,10380071480000,77463220
327,2022/04/29,136000,2000,1.49,133000,136000,132500,350650,47349484000,10534997920000,77463220
328,2022/05/02,135000,-1000,-0.74,134000,137500,134000,235666,31815494000,10457534700000,77463220
329,2022/05/03,134000,-1000,-0.74,136000,136500,132000,295796,39613494500,10380071480000,77463220
330,2022/05/04,132500,-1500,-1.12,134000,136000,132000,201839,27024301500,10263876650000,77463220
331,2022/05/06,130500,-2000,-1.51,130000,132000,128500,191924,25012022000,10108950210000,77463220
332,2022/05/09,127000,-3500,-2.68,129500,129500,126000,253384,32245389500,9837828940000,77463220
333,2022/05/10,126500,-500,-0.39,123500,127000,122000,372207,46277541000,9799097330000,77463220
334,2022/05/11,124000,-2500,-1.98,126500,127000,122500,244301,30309220000,9605439280000,77463220
335,2022/05/12,123500,-500,-0.4,123000,128000,121000,364065,45284905500,9566707670000,77463220
336,2022/05/13,127000,3500,2.83,124500,128500,124500,338708,42876429000,9837828940000,77463220
337,2022/05/16,123500,-3500,-2.76,128500,129500,123500,280894,35255964500,9566707670000,77463220
338,2022/05/17,124000,500,0.4,123000,124500,121500,249093,30687612500,9605439280000,77463220
339,2022/05/18,124000,0,0.0,125500,128000,123000,310866,38813960500,9605439280000,77463220
340,2022/05/19,128500,4500,3.63,120500,130000,120500,448836,56844677500,9954023770000,77463220
341,2022/05/20,136500,8000,6.23,129000,138500,127500,1176970,159066461500,10573729530000,77463220
342,2022/05/23,133500,-3000,-2.2,137000,137000,131500,425566,56886371000,10341339870000,77463220
343,2022/05/24,128000,-5500,-4.12,132500,133500,127500,421657,54898956000,9915292160000,77463220
344,2022/05/25,133500,5500,4.3,129500,134000,126500,545064,71488049000,10341339870000,77463220
345,2022/05/26,133000,-500,-0.37,134000,136000,131500,412177,54992489000,10302608260000,77463220
346,2022/05/27,128500,-4500,-3.38,136000,136000,126000,1020358,132860852000,9954023770000,77463220
347,2022/05/30,132000,3500,2.72,131500,133000,129500,497750,65415154000,10225145040000,77463220
348,2022/05/31,130500,-1500,-1.14,133000,133500,129000,693162,90374684500,10108950210000,77463220
349,2022/06/02,135000,4500,3.45,131500,135500,131000,623216,83300601500,10457534700000,77463220
350,2022/06/03,134000,-1000,-0.74,135500,135500,132500,268429,35938598000,10380071480000,77463220
351,2022/06/07,129000,-5000,-3.73,133500,134000,128000,444415,57856747500,9992755380000,77463220
352,2022/06/08,129500,500,0.39,130500,131000,129000,162678,21090454000,10031486990000,77463220
353,2022/06/09,132500,3000,2.32,128500,133000,128000,365125,48139932000,10263876650000,77463220
354,2022/06/10,130500,-2000,-1.51,130500,131000,129000,179407,23368188000,10108950210000,77463220
355,2022/06/13,126000,-4500,-3.45,127500,129500,126000,306941,39111757000,9760365720000,77463220
356,2022/06/14,126500,500,0.4,123000,128000,122500,330341,41438742500,9799097330000,77463220
357,2022/06/15,125500,-1000,-0.79,127000,132000,124500,432309,55243588500,9721634110000,77463220
358,2022/06/16,126500,1000,0.8,128500,129500,126500,271418,34690883000,9799097330000,77463220
359,2022/06/17,126500,0,0.0,123500,128000,123000,248496,31174258500,9799097330000,77463220
360,2022/06/20,125500,-1000,-0.79,127500,128000,122000,263792,32941752500,9721634110000,77463220
361,2022/06/21,124500,-1000,-0.8,126000,126500,122500,232913,28992091500,9644170890000,77463220
362,2022/06/22,118500,-6000,-4.82,126000,126000,118000,356161,43077135000,9179391570000,77463220
363,2022/06/23,112000,-6500,-5.49,117000,120000,111500,504194,57879046000,8675880640000,77463220
364,2022/06/24,114500,2500,2.23,112000,115500,110500,382690,43378093500,8869538690000,77463220
365,2022/06/27,116000,1500,1.31,115500,118500,115000,241984,28264093000,8985733520000,77463220
366,2022/06/28,117000,1000,0.86,116000,118500,116000,128324,15019034500,9063196740000,77463220
367,2022/06/29,114500,-2500,-2.14,115000,116000,111000,299900,33998554500,8869538690000,77463220
368,2022/06/30,107000,-7500,-6.55,116000,116500,105500,508483,55477636000,8288564540000,77463220
